idna_subject,checker_type,destination,source,tested_at,session_id
3407.tm.zedo.com,AVAILABILITY,domains.list,domains.list,2022-10-11 04:41:47.029012,473ce8d8b9af9314e699f578
7fkm2r4pzi.com,AVAILABILITY,domains.list,domains.list,2022-10-11 04:41:48.168622,473ce8d8b9af9314e699f578
a.adtng.com,AVAILABILITY,domains.list,domains.list,2022-10-11 04:41:49.974624,473ce8d8b9af9314e699f578
a.bf-ad.net,AVAILABILITY,domains.list,domains.list,2022-10-11 04:41:50.324951,473ce8d8b9af9314e699f578
a.exosrv.com,AVAILABILITY,domains.list,domains.list,2022-10-11 04:41:50.834682,473ce8d8b9af9314e699f578
a.ligatus.com,AVAILABILITY,domains.list,domains.list,2022-10-11 04:41:51.592979,473ce8d8b9af9314e699f578
a.realsrv.com,AVAILABILITY,domains.list,domains.list,2022-10-11 04:41:52.059674,473ce8d8b9af9314e699f578
a.t.webtracker.jp,AVAILABILITY,domains.list,domains.list,2022-10-11 04:41:53.955326,473ce8d8b9af9314e699f578
a.teads.tv,AVAILABILITY,domains.list,domains.list,2022-10-11 04:41:54.450549,473ce8d8b9af9314e699f578
a.tribalfusion.com,AVAILABILITY,domains.list,domains.list,2022-10-11 04:41:54.922660,473ce8d8b9af9314e699f578
a.vdo.ai,AVAILABILITY,domains.list,domains.list,2022-10-11 04:41:55.552535,473ce8d8b9af9314e699f578
a.wyzmob.com,AVAILABILITY,domains.list,domains.list,2022-10-11 04:41:57.266210,473ce8d8b9af9314e699f578
a1.dp25.kr,AVAILABILITY,domains.list,domains.list,2022-10-11 04:41:58.955031,473ce8d8b9af9314e699f578
a2232.casalemedia.com,AVAILABILITY,domains.list,domains.list,2022-10-11 04:41:59.783505,473ce8d8b9af9314e699f578
a4p.adpartner.pro,AVAILABILITY,domains.list,domains.list,2022-10-11 04:42:01.449844,473ce8d8b9af9314e699f578
a870.casalemedia.com,AVAILABILITY,domains.list,domains.list,2022-10-11 04:42:21.990501,473ce8d8b9af9314e699f578
acceptable.a-ads.com,AVAILABILITY,domains.list,domains.list,2022-10-11 04:42:22.374875,473ce8d8b9af9314e699f578
acdn.adnxs.com,AVAILABILITY,domains.list,domains.list,2022-10-11 04:42:22.894325,473ce8d8b9af9314e699f578
ad-cdn.technoratimedia.com,AVAILABILITY,domains.list,domains.list,2022-10-11 04:42:23.205519,473ce8d8b9af9314e699f578
ad-first.co.kr,AVAILABILITY,domains.list,domains.list,2022-10-11 04:42:23.542319,473ce8d8b9af9314e699f578
ad-js.chip.de,AVAILABILITY,domains.list,domains.list,2022-10-11 04:42:23.862160,473ce8d8b9af9314e699f578
ad-playstore.com,AVAILABILITY,domains.list,domains.list,2022-10-11 04:42:24.232374,473ce8d8b9af9314e699f578
ad-unpack.com,AVAILABILITY,domains.list,domains.list,2022-10-11 04:42:24.708571,473ce8d8b9af9314e699f578
ad.3dpop.kr,AVAILABILITY,domains.list,domains.list,2022-10-11 04:42:27.796306,473ce8d8b9af9314e699f578
ad.a-ads.com,AVAILABILITY,domains.list,domains.list,2022-10-11 04:42:28.140915,473ce8d8b9af9314e699f578
ad.about.co.kr,AVAILABILITY,domains.list,domains.list,2022-10-11 04:42:31.841297,473ce8d8b9af9314e699f578
ad.aceplanet.co.kr,AVAILABILITY,domains.list,domains.list,2022-10-11 04:42:33.812162,473ce8d8b9af9314e699f578
ad.ad-stir.com,AVAILABILITY,domains.list,domains.list,2022-10-11 04:42:34.219135,473ce8d8b9af9314e699f578
ad.ad4989.co.kr,AVAILABILITY,domains.list,domains.list,2022-10-11 04:42:35.557416,473ce8d8b9af9314e699f578
ad.adinc.kr,AVAILABILITY,domains.list,domains.list,2022-10-11 04:42:39.168602,473ce8d8b9af9314e699f578
ad.adjw.co.kr,AVAILABILITY,domains.list,domains.list,2022-10-11 04:42:40.830787,473ce8d8b9af9314e699f578
ad.adkova.com,AVAILABILITY,domains.list,domains.list,2022-10-11 04:43:01.923747,473ce8d8b9af9314e699f578
ad.adnmore.co.kr,AVAILABILITY,domains.list,domains.list,2022-10-11 04:43:05.643477,473ce8d8b9af9314e699f578
ad.adotsolution.com,AVAILABILITY,domains.list,domains.list,2022-10-11 04:43:07.110458,473ce8d8b9af9314e699f578
ad.adpon.jp,AVAILABILITY,domains.list,domains.list,2022-10-11 04:43:08.026800,473ce8d8b9af9314e699f578
ad.afy11.net,AVAILABILITY,domains.list,domains.list,2022-10-11 04:43:09.061950,473ce8d8b9af9314e699f578
ad.altervista.org,AVAILABILITY,domains.list,domains.list,2022-10-11 04:43:10.268328,473ce8d8b9af9314e699f578
ad.api.stax.kr,AVAILABILITY,domains.list,domains.list,2022-10-11 04:43:13.033478,473ce8d8b9af9314e699f578
ad.applead.co.kr,AVAILABILITY,domains.list,domains.list,2022-10-11 04:43:16.424461,473ce8d8b9af9314e699f578
ad.atdmt.com,AVAILABILITY,domains.list,domains.list,2022-10-11 04:43:17.047094,473ce8d8b9af9314e699f578
ad.bananamall.co.kr,AVAILABILITY,domains.list,domains.list,2022-10-11 04:43:18.404416,473ce8d8b9af9314e699f578
ad.cauly.co.kr,AVAILABILITY,domains.list,domains.list,2022-10-11 04:43:19.920957,473ce8d8b9af9314e699f578
ad.crwdcntrl.net,AVAILABILITY,domains.list,domains.list,2022-10-11 04:43:20.450123,473ce8d8b9af9314e699f578
ad.daum.net,AVAILABILITY,domains.list,domains.list,2022-10-11 04:43:20.931825,473ce8d8b9af9314e699f578
ad.doyouad.com,AVAILABILITY,domains.list,domains.list,2022-10-11 04:43:22.395439,473ce8d8b9af9314e699f578
ad.dt.co.kr,AVAILABILITY,domains.list,domains.list,2022-10-11 04:43:24.264662,473ce8d8b9af9314e699f578
ad.feedbag.co.kr,AVAILABILITY,domains.list,domains.list,2022-10-11 04:43:27.452079,473ce8d8b9af9314e699f578
ad.gogovid.net,AVAILABILITY,domains.list,domains.list,2022-10-11 04:43:28.181585,473ce8d8b9af9314e699f578
ad.hankooki.com,AVAILABILITY,domains.list,domains.list,2022-10-11 04:43:49.009192,473ce8d8b9af9314e699f578
ad.hankookilbo.com,AVAILABILITY,domains.list,domains.list,2022-10-11 04:43:49.751647,473ce8d8b9af9314e699f578
ad.hooniad.com,AVAILABILITY,domains.list,domains.list,2022-10-11 04:43:50.627165,473ce8d8b9af9314e699f578
ad.idnad.co.kr,AVAILABILITY,domains.list,domains.list,2022-10-11 04:43:52.344770,473ce8d8b9af9314e699f578
ad.ilbe.com,AVAILABILITY,domains.list,domains.list,2022-10-11 04:43:53.231680,473ce8d8b9af9314e699f578
ad.ilikesponsorad.co.kr,AVAILABILITY,domains.list,domains.list,2022-10-11 04:43:55.013995,473ce8d8b9af9314e699f578
ad.ilikesponsorad.com,AVAILABILITY,domains.list,domains.list,2022-10-11 04:43:56.354541,473ce8d8b9af9314e699f578
ad.imp.joins.com,AVAILABILITY,domains.list,domains.list,2022-10-11 04:43:57.795537,473ce8d8b9af9314e699f578
ad.kmib.co.kr,AVAILABILITY,domains.list,domains.list,2022-10-11 04:44:00.090497,473ce8d8b9af9314e699f578
ad.koreadaily.com,AVAILABILITY,domains.list,domains.list,2022-10-11 04:44:00.569772,473ce8d8b9af9314e699f578
ad.linkprice.com,AVAILABILITY,domains.list,domains.list,2022-10-11 04:44:01.339832,473ce8d8b9af9314e699f578
ad.luxnet.ua,AVAILABILITY,domains.list,domains.list,2022-10-11 04:44:02.240967,473ce8d8b9af9314e699f578
ad.mediafarm.co.kr,AVAILABILITY,domains.list,domains.list,2022-10-11 04:44:04.314880,473ce8d8b9af9314e699f578
ad.mediatoday.co.kr,AVAILABILITY,domains.list,domains.list,2022-10-11 04:44:15.789547,473ce8d8b9af9314e699f578
ad.medicaltimes.com,AVAILABILITY,domains.list,domains.list,2022-10-11 04:44:19.070112,473ce8d8b9af9314e699f578
ad.mox.tv,AVAILABILITY,domains.list,domains.list,2022-10-11 04:44:20.235806,473ce8d8b9af9314e699f578
ad.mrab.co.kr,AVAILABILITY,domains.list,domains.list,2022-10-11 04:44:21.778826,473ce8d8b9af9314e699f578
ad.naver.com,AVAILABILITY,domains.list,domains.list,2022-10-11 04:44:23.111922,473ce8d8b9af9314e699f578
ad.newssense.co.kr,AVAILABILITY,domains.list,domains.list,2022-10-11 04:44:26.568310,473ce8d8b9af9314e699f578
ad.osen.co.kr,AVAILABILITY,domains.list,domains.list,2022-10-11 04:44:48.628090,473ce8d8b9af9314e699f578
ad.pentabox.net,AVAILABILITY,domains.list,domains.list,2022-10-11 04:44:49.892576,473ce8d8b9af9314e699f578
ad.phaserep.com,AVAILABILITY,domains.list,domains.list,2022-10-11 04:44:51.609273,473ce8d8b9af9314e699f578
ad.pickple.net,AVAILABILITY,domains.list,domains.list,2022-10-11 04:45:12.732481,473ce8d8b9af9314e699f578
ad.priel.co.kr,AVAILABILITY,domains.list,domains.list,2022-10-11 04:45:34.510122,473ce8d8b9af9314e699f578
ad.reople.co.kr,AVAILABILITY,domains.list,domains.list,2022-10-11 04:45:35.924475,473ce8d8b9af9314e699f578
ad.sitemaji.com,AVAILABILITY,domains.list,domains.list,2022-10-11 04:45:36.590021,473ce8d8b9af9314e699f578
ad.tf.co.kr,AVAILABILITY,domains.list,domains.list,2022-10-11 04:45:38.744665,473ce8d8b9af9314e699f578
ad.tjtune.com,AVAILABILITY,domains.list,domains.list,2022-10-11 04:45:39.888234,473ce8d8b9af9314e699f578
ad.touchwise.co.kr,AVAILABILITY,domains.list,domains.list,2022-10-11 04:45:42.013294,473ce8d8b9af9314e699f578
ad.tpmn.co.kr,AVAILABILITY,domains.list,domains.list,2022-10-11 04:45:43.159655,473ce8d8b9af9314e699f578
ad.turn.com,AVAILABILITY,domains.list,domains.list,2022-10-11 04:45:44.397960,473ce8d8b9af9314e699f578
ad.xc.netinsight.co.kr,AVAILABILITY,domains.list,domains.list,2022-10-11 04:45:46.401494,473ce8d8b9af9314e699f578
ad.xc.nis.nitmus.com,AVAILABILITY,domains.list,domains.list,2022-10-11 04:45:48.259119,473ce8d8b9af9314e699f578
ad.yieldlab.net,AVAILABILITY,domains.list,domains.list,2022-10-11 04:45:48.916255,473ce8d8b9af9314e699f578
ad.yieldmanager.com,AVAILABILITY,domains.list,domains.list,2022-10-11 04:45:49.523227,473ce8d8b9af9314e699f578
ad1.adfarm1.adition.com,AVAILABILITY,domains.list,domains.list,2022-10-11 04:45:50.317100,473ce8d8b9af9314e699f578
ad1.eventmanager.co.kr,AVAILABILITY,domains.list,domains.list,2022-10-11 04:45:52.725421,473ce8d8b9af9314e699f578
ad1.sportschosun.com,AVAILABILITY,domains.list,domains.list,2022-10-11 04:46:15.702349,473ce8d8b9af9314e699f578
ad1.sportsseoul.com,AVAILABILITY,domains.list,domains.list,2022-10-11 04:46:36.847669,473ce8d8b9af9314e699f578
ad2.thisisgame.com,AVAILABILITY,domains.list,domains.list,2022-10-11 04:46:37.600077,473ce8d8b9af9314e699f578
ad4989.kr,AVAILABILITY,domains.list,domains.list,2022-10-11 04:46:39.264495,473ce8d8b9af9314e699f578
ad79.z00.kr,AVAILABILITY,domains.list,domains.list,2022-10-11 04:46:40.909833,473ce8d8b9af9314e699f578
ad8.adfarm1.adition.com,AVAILABILITY,domains.list,domains.list,2022-10-11 04:46:41.733051,473ce8d8b9af9314e699f578
ad89.z00.kr,AVAILABILITY,domains.list,domains.list,2022-10-11 04:46:42.709610,473ce8d8b9af9314e699f578
ad999.biz,AVAILABILITY,domains.list,domains.list,2022-10-11 04:46:43.448505,473ce8d8b9af9314e699f578
adapi.inlcorp.com,AVAILABILITY,domains.list,domains.list,2022-10-11 04:46:45.133079,473ce8d8b9af9314e699f578
adbiz.co.kr,AVAILABILITY,domains.list,domains.list,2022-10-11 04:46:49.331907,473ce8d8b9af9314e699f578
adbiz2.co.kr,AVAILABILITY,domains.list,domains.list,2022-10-11 04:46:50.332043,473ce8d8b9af9314e699f578
adbiz3.co.kr,AVAILABILITY,domains.list,domains.list,2022-10-11 04:46:51.241483,473ce8d8b9af9314e699f578
adcdn.goo.ne.jp,AVAILABILITY,domains.list,domains.list,2022-10-11 04:46:52.398859,473ce8d8b9af9314e699f578
adcode.rontar.com,AVAILABILITY,domains.list,domains.list,2022-10-11 04:46:53.900704,473ce8d8b9af9314e699f578
adcrm.co.kr,AVAILABILITY,domains.list,domains.list,2022-10-11 04:46:55.517878,473ce8d8b9af9314e699f578
adddn.adotsolution.com,AVAILABILITY,domains.list,domains.list,2022-10-11 04:46:58.650395,473ce8d8b9af9314e699f578
adex.ednplus.com,AVAILABILITY,domains.list,domains.list,2022-10-11 04:47:00.712382,473ce8d8b9af9314e699f578
adexpert.ad4989.co.kr,AVAILABILITY,domains.list,domains.list,2022-10-11 04:47:02.266942,473ce8d8b9af9314e699f578
adf.acrosspf.com,AVAILABILITY,domains.list,domains.list,2022-10-11 04:47:03.710595,473ce8d8b9af9314e699f578
adf.send.microad.jp,AVAILABILITY,domains.list,domains.list,2022-10-11 04:47:04.482718,473ce8d8b9af9314e699f578
adget.co.kr,AVAILABILITY,domains.list,domains.list,2022-10-11 04:47:07.246968,473ce8d8b9af9314e699f578
adgrp1.ad4989.co.kr,AVAILABILITY,domains.list,domains.list,2022-10-11 04:47:07.970596,473ce8d8b9af9314e699f578
adimage.hankookilbo.com,AVAILABILITY,domains.list,domains.list,2022-10-11 04:47:08.869187,473ce8d8b9af9314e699f578
adimg.nate.com,AVAILABILITY,domains.list,domains.list,2022-10-11 04:47:11.308908,473ce8d8b9af9314e699f578
adimg.nateimg.co.kr,AVAILABILITY,domains.list,domains.list,2022-10-11 04:47:13.308718,473ce8d8b9af9314e699f578
adimg.wisenut.co.kr,AVAILABILITY,domains.list,domains.list,2022-10-11 04:47:16.361121,473ce8d8b9af9314e699f578
adinc.co.kr,AVAILABILITY,domains.list,domains.list,2022-10-11 04:47:19.559733,473ce8d8b9af9314e699f578
adm.shinobi.jp,AVAILABILITY,domains.list,domains.list,2022-10-11 04:47:21.184798,473ce8d8b9af9314e699f578
adn.inven.co.kr,AVAILABILITY,domains.list,domains.list,2022-10-11 04:47:23.816439,473ce8d8b9af9314e699f578
adnetworkperformance.com,AVAILABILITY,domains.list,domains.list,2022-10-11 04:47:24.476713,473ce8d8b9af9314e699f578
adnext.fr,AVAILABILITY,domains.list,domains.list,2022-10-11 04:47:25.757567,473ce8d8b9af9314e699f578
adpick.co.kr,AVAILABILITY,domains.list,domains.list,2022-10-11 04:47:26.806961,473ce8d8b9af9314e699f578
adrequisitor-af.lp.uol.com.br,AVAILABILITY,domains.list,domains.list,2022-10-11 04:47:27.579206,473ce8d8b9af9314e699f578
ads-by.yieldselect.com,AVAILABILITY,domains.list,domains.list,2022-10-11 04:47:27.921217,473ce8d8b9af9314e699f578
ads-optima.com,AVAILABILITY,domains.list,domains.list,2022-10-11 04:47:28.352132,473ce8d8b9af9314e699f578
ads-partners.coupang.com,AVAILABILITY,domains.list,domains.list,2022-10-11 04:47:28.685955,473ce8d8b9af9314e699f578
ads.acrosspf.com,AVAILABILITY,domains.list,domains.list,2022-10-11 04:47:29.327967,473ce8d8b9af9314e699f578
ads.admaru.com,AVAILABILITY,domains.list,domains.list,2022-10-11 04:47:30.135314,473ce8d8b9af9314e699f578
ads.adthrive.com,AVAILABILITY,domains.list,domains.list,2022-10-11 04:47:30.655949,473ce8d8b9af9314e699f578
ads.adverline.com,AVAILABILITY,domains.list,domains.list,2022-10-11 04:47:32.133648,473ce8d8b9af9314e699f578
ads.as.criteo.com,AVAILABILITY,domains.list,domains.list,2022-10-11 04:47:33.091439,473ce8d8b9af9314e699f578
ads.ayads.co,AVAILABILITY,domains.list,domains.list,2022-10-11 04:47:33.797120,473ce8d8b9af9314e699f578
ads.blogherads.com,AVAILABILITY,domains.list,domains.list,2022-10-11 04:47:34.307255,473ce8d8b9af9314e699f578
ads.daara.co.kr,AVAILABILITY,domains.list,domains.list,2022-10-11 04:47:37.959449,473ce8d8b9af9314e699f578
ads.emetro.co.kr,AVAILABILITY,domains.list,domains.list,2022-10-11 04:47:59.210001,473ce8d8b9af9314e699f578
ads.exdynsrv.com,AVAILABILITY,domains.list,domains.list,2022-10-11 04:47:59.759205,473ce8d8b9af9314e699f578
ads.exoclick.com,AVAILABILITY,domains.list,domains.list,2022-10-11 04:48:00.333299,473ce8d8b9af9314e699f578
ads.exosrv.com,AVAILABILITY,domains.list,domains.list,2022-10-11 04:48:00.855512,473ce8d8b9af9314e699f578
ads.gamemeca.com,AVAILABILITY,domains.list,domains.list,2022-10-11 04:48:03.906391,473ce8d8b9af9314e699f578
ads.mncmedia.co.kr,AVAILABILITY,domains.list,domains.list,2022-10-11 04:48:05.633975,473ce8d8b9af9314e699f578
ads.mobitree.co.kr,AVAILABILITY,domains.list,domains.list,2022-10-11 04:48:08.070167,473ce8d8b9af9314e699f578
ads.nicovideo.jp,AVAILABILITY,domains.list,domains.list,2022-10-11 04:48:08.950295,473ce8d8b9af9314e699f578
ads.priel.co.kr,AVAILABILITY,domains.list,domains.list,2022-10-11 04:48:10.570951,473ce8d8b9af9314e699f578
ads.pubmatic.com,AVAILABILITY,domains.list,domains.list,2022-10-11 04:48:11.110466,473ce8d8b9af9314e699f578
ads.rubiconproject.com,AVAILABILITY,domains.list,domains.list,2022-10-11 04:48:11.723020,473ce8d8b9af9314e699f578
ads.stickyadstv.com,AVAILABILITY,domains.list,domains.list,2022-10-11 04:48:12.197897,473ce8d8b9af9314e699f578
ads.supplyframe.com,AVAILABILITY,domains.list,domains.list,2022-10-11 04:48:13.018608,473ce8d8b9af9314e699f578
ads.tapzin.com,AVAILABILITY,domains.list,domains.list,2022-10-11 04:48:14.184878,473ce8d8b9af9314e699f578
ads.tenping.kr,AVAILABILITY,domains.list,domains.list,2022-10-11 04:48:15.261336,473ce8d8b9af9314e699f578
ads.theporndb.com,AVAILABILITY,domains.list,domains.list,2022-10-11 04:48:17.024053,473ce8d8b9af9314e699f578
ads.yahoo.com,AVAILABILITY,domains.list,domains.list,2022-10-11 04:48:17.647769,473ce8d8b9af9314e699f578
ads.z00.kr,AVAILABILITY,domains.list,domains.list,2022-10-11 04:48:18.341874,473ce8d8b9af9314e699f578
ads2.contentabc.com,AVAILABILITY,domains.list,domains.list,2022-10-11 04:48:20.261172,473ce8d8b9af9314e699f578
ads3.tenping.kr,AVAILABILITY,domains.list,domains.list,2022-10-11 04:48:21.866544,473ce8d8b9af9314e699f578
adsearch.adkontekst.pl,AVAILABILITY,domains.list,domains.list,2022-10-11 04:48:23.562328,473ce8d8b9af9314e699f578
adserve.postrelease.com,AVAILABILITY,domains.list,domains.list,2022-10-11 04:48:24.168585,473ce8d8b9af9314e699f578
adserver-us.adtech.advertising.com,AVAILABILITY,domains.list,domains.list,2022-10-11 04:48:24.520527,473ce8d8b9af9314e699f578
adserver.adtech.advertising.com,AVAILABILITY,domains.list,domains.list,2022-10-11 04:48:25.190443,473ce8d8b9af9314e699f578
adserver.adtechus.com,AVAILABILITY,domains.list,domains.list,2022-10-11 04:48:25.726475,473ce8d8b9af9314e699f578
adserver.exoticads.com,AVAILABILITY,domains.list,domains.list,2022-10-11 04:48:26.553650,473ce8d8b9af9314e699f578
adserver.juicyads.com,AVAILABILITY,domains.list,domains.list,2022-10-11 04:48:27.388332,473ce8d8b9af9314e699f578
adserver.viewgames.co.kr,AVAILABILITY,domains.list,domains.list,2022-10-11 04:48:48.616012,473ce8d8b9af9314e699f578
adspaces.ero-advertising.com,AVAILABILITY,domains.list,domains.list,2022-10-11 04:48:48.948506,473ce8d8b9af9314e699f578
adstract.adk2x.com,AVAILABILITY,domains.list,domains.list,2022-10-11 04:48:49.508519,473ce8d8b9af9314e699f578
adsvc2.wisenut.co.kr,AVAILABILITY,domains.list,domains.list,2022-10-11 04:48:51.400587,473ce8d8b9af9314e699f578
adtag.cc,AVAILABILITY,domains.list,domains.list,2022-10-11 04:48:52.137258,473ce8d8b9af9314e699f578
adtg.widerplanet.com,AVAILABILITY,domains.list,domains.list,2022-10-11 04:48:52.875136,473ce8d8b9af9314e699f578
adtradradservices.com,AVAILABILITY,domains.list,domains.list,2022-10-11 04:48:53.487469,473ce8d8b9af9314e699f578
adv.dailyissue.co.kr,AVAILABILITY,domains.list,domains.list,2022-10-11 04:48:54.981378,473ce8d8b9af9314e699f578
adv.imadrep.co.kr,AVAILABILITY,domains.list,domains.list,2022-10-11 04:48:57.313609,473ce8d8b9af9314e699f578
adv.khan.co.kr,AVAILABILITY,domains.list,domains.list,2022-10-11 04:48:59.355809,473ce8d8b9af9314e699f578
adver.clickmon.co.kr,AVAILABILITY,domains.list,domains.list,2022-10-11 04:49:01.504020,473ce8d8b9af9314e699f578
advert.livesportmedia.eu,AVAILABILITY,domains.list,domains.list,2022-10-11 04:49:03.173217,473ce8d8b9af9314e699f578
adverweb.cjenm.com,AVAILABILITY,domains.list,domains.list,2022-10-11 04:49:04.612286,473ce8d8b9af9314e699f578
advimg.ad-mapps.com,AVAILABILITY,domains.list,domains.list,2022-10-11 04:49:04.943427,473ce8d8b9af9314e699f578
adw.heraldm.com,AVAILABILITY,domains.list,domains.list,2022-10-11 04:49:07.017390,473ce8d8b9af9314e699f578
adx-exchange.toast.com,AVAILABILITY,domains.list,domains.list,2022-10-11 04:49:07.403034,473ce8d8b9af9314e699f578
adx.adform.net,AVAILABILITY,domains.list,domains.list,2022-10-11 04:49:08.108869,473ce8d8b9af9314e699f578
adx.bibl.uk,AVAILABILITY,domains.list,domains.list,2022-10-11 04:49:08.788297,473ce8d8b9af9314e699f578
adx.mocoplex.com,AVAILABILITY,domains.list,domains.list,2022-10-11 04:49:10.375965,473ce8d8b9af9314e699f578
adx.naonmedia.net,AVAILABILITY,domains.list,domains.list,2022-10-11 04:49:11.882405,473ce8d8b9af9314e699f578
adx.turl.co.kr,AVAILABILITY,domains.list,domains.list,2022-10-11 04:49:13.574303,473ce8d8b9af9314e699f578
aka-cdn-ns.adtechus.com,AVAILABILITY,domains.list,domains.list,2022-10-11 04:49:14.206465,473ce8d8b9af9314e699f578
aka-cdn.adtechus.com,AVAILABILITY,domains.list,domains.list,2022-10-11 04:49:14.557735,473ce8d8b9af9314e699f578
am15.net,AVAILABILITY,domains.list,domains.list,2022-10-11 04:49:15.373636,473ce8d8b9af9314e699f578
amazon-adsystem.com,AVAILABILITY,domains.list,domains.list,2022-10-11 04:49:15.725776,473ce8d8b9af9314e699f578
an.yandex.ru,AVAILABILITY,domains.list,domains.list,2022-10-11 04:49:16.873150,473ce8d8b9af9314e699f578
aos-creative.prf.hn,AVAILABILITY,domains.list,domains.list,2022-10-11 04:49:17.240274,473ce8d8b9af9314e699f578
ap.lijit.com,AVAILABILITY,domains.list,domains.list,2022-10-11 04:49:17.913429,473ce8d8b9af9314e699f578
ap.tnkfactory.com,AVAILABILITY,domains.list,domains.list,2022-10-11 04:49:19.498102,473ce8d8b9af9314e699f578
apex.go.sonobi.com,AVAILABILITY,domains.list,domains.list,2022-10-11 04:49:19.919050,473ce8d8b9af9314e699f578
api.adjoin.co.kr,AVAILABILITY,domains.list,domains.list,2022-10-11 04:49:21.338683,473ce8d8b9af9314e699f578
api.adns.contentlink.co.kr,AVAILABILITY,domains.list,domains.list,2022-10-11 04:49:24.886942,473ce8d8b9af9314e699f578
api.ficm.contentlink.co.kr,AVAILABILITY,domains.list,domains.list,2022-10-11 04:49:26.747057,473ce8d8b9af9314e699f578
api.linkmine.co.kr,AVAILABILITY,domains.list,domains.list,2022-10-11 04:49:29.698863,473ce8d8b9af9314e699f578
api.screensharp.kr,AVAILABILITY,domains.list,domains.list,2022-10-11 04:49:51.284815,473ce8d8b9af9314e699f578
apis.piclick.me,AVAILABILITY,domains.list,domains.list,2022-10-11 04:49:52.910524,473ce8d8b9af9314e699f578
as.dc.impact-ad.jp,AVAILABILITY,domains.list,domains.list,2022-10-11 04:49:53.324673,473ce8d8b9af9314e699f578
asgclickpop.com,AVAILABILITY,domains.list,domains.list,2022-10-11 04:49:53.840819,473ce8d8b9af9314e699f578
assoc-amazon.com,AVAILABILITY,domains.list,domains.list,2022-10-11 04:49:54.176347,473ce8d8b9af9314e699f578
async01.admantx.com,AVAILABILITY,domains.list,domains.list,2022-10-11 04:49:54.722766,473ce8d8b9af9314e699f578
at.atwola.com,AVAILABILITY,domains.list,domains.list,2022-10-11 04:49:55.258278,473ce8d8b9af9314e699f578
b.bestcontentitem.top,AVAILABILITY,domains.list,domains.list,2022-10-11 04:49:56.419378,473ce8d8b9af9314e699f578
bayabar.com,AVAILABILITY,domains.list,domains.list,2022-10-11 04:50:03.678006,473ce8d8b9af9314e699f578
bdv.bidvertiser.com,AVAILABILITY,domains.list,domains.list,2022-10-11 04:50:04.254235,473ce8d8b9af9314e699f578
berchsoda.com,AVAILABILITY,domains.list,domains.list,2022-10-11 04:50:05.376340,473ce8d8b9af9314e699f578
bizon.kr,AVAILABILITY,domains.list,domains.list,2022-10-11 04:50:07.440774,473ce8d8b9af9314e699f578
blockadsnot.com,AVAILABILITY,domains.list,domains.list,2022-10-11 04:50:07.891257,473ce8d8b9af9314e699f578
bnhtml.com,AVAILABILITY,domains.list,domains.list,2022-10-11 04:50:09.105081,473ce8d8b9af9314e699f578
brightadnetwork.com,AVAILABILITY,domains.list,domains.list,2022-10-11 04:50:09.564772,473ce8d8b9af9314e699f578
brightonclick.com,AVAILABILITY,domains.list,domains.list,2022-10-11 04:50:10.051586,473ce8d8b9af9314e699f578
bs.serving-sys.com,AVAILABILITY,domains.list,domains.list,2022-10-11 04:50:10.400557,473ce8d8b9af9314e699f578
bullseye.backbeatmedia.com,AVAILABILITY,domains.list,domains.list,2022-10-11 04:50:10.944798,473ce8d8b9af9314e699f578
c.adsco.re,AVAILABILITY,domains.list,domains.list,2022-10-11 04:50:11.458022,473ce8d8b9af9314e699f578
c.amazon-adsystem.com,AVAILABILITY,domains.list,domains.list,2022-10-11 04:50:11.811798,473ce8d8b9af9314e699f578
c.betrad.com,AVAILABILITY,domains.list,domains.list,2022-10-11 04:50:12.277087,473ce8d8b9af9314e699f578
c0.pubmine.com,AVAILABILITY,domains.list,domains.list,2022-10-11 04:50:12.745385,473ce8d8b9af9314e699f578
c1.popads.net,AVAILABILITY,domains.list,domains.list,2022-10-11 04:50:13.247051,473ce8d8b9af9314e699f578
cache.ssend.microad.jp,AVAILABILITY,domains.list,domains.list,2022-10-11 04:50:14.235908,473ce8d8b9af9314e699f578
cad.donga.com,AVAILABILITY,domains.list,domains.list,2022-10-11 04:50:15.635591,473ce8d8b9af9314e699f578
cadvv.heraldm.com,AVAILABILITY,domains.list,domains.list,2022-10-11 04:50:17.951025,473ce8d8b9af9314e699f578
cas.criteo.com,AVAILABILITY,domains.list,domains.list,2022-10-11 04:50:18.791541,473ce8d8b9af9314e699f578
cast.imp.joins.com,AVAILABILITY,domains.list,domains.list,2022-10-11 04:50:20.207429,473ce8d8b9af9314e699f578
cdn-aitg.widerplanet.com,AVAILABILITY,domains.list,domains.list,2022-10-11 04:50:20.545624,473ce8d8b9af9314e699f578
cdn-exchange.toastoven.net,AVAILABILITY,domains.list,domains.list,2022-10-11 04:50:20.860621,473ce8d8b9af9314e699f578
cdn-fluct.sh.adingo.jp,AVAILABILITY,domains.list,domains.list,2022-10-11 04:50:21.201028,473ce8d8b9af9314e699f578
cdn-gl.imrworldwide.com,AVAILABILITY,domains.list,domains.list,2022-10-11 04:50:21.596351,473ce8d8b9af9314e699f578
cdn-sic.33across.com,AVAILABILITY,domains.list,domains.list,2022-10-11 04:50:21.952927,473ce8d8b9af9314e699f578
cdn.adgtw.orangeads.fr,AVAILABILITY,domains.list,domains.list,2022-10-11 04:50:27.667657,473ce8d8b9af9314e699f578
cdn.admixer.net,AVAILABILITY,domains.list,domains.list,2022-10-11 04:50:28.795128,473ce8d8b9af9314e699f578
cdn.adpushup.com,AVAILABILITY,domains.list,domains.list,2022-10-11 04:50:29.396611,473ce8d8b9af9314e699f578
cdn.adrtx.net,AVAILABILITY,domains.list,domains.list,2022-10-11 04:50:30.016116,473ce8d8b9af9314e699f578
cdn.adsafeprotected.com,AVAILABILITY,domains.list,domains.list,2022-10-11 04:50:30.563551,473ce8d8b9af9314e699f578
cdn.adsolutions.nl,AVAILABILITY,domains.list,domains.list,2022-10-11 04:50:31.465466,473ce8d8b9af9314e699f578
cdn.adtive.com,AVAILABILITY,domains.list,domains.list,2022-10-11 04:50:32.735215,473ce8d8b9af9314e699f578
cdn.adtrue.com,AVAILABILITY,domains.list,domains.list,2022-10-11 04:50:33.909108,473ce8d8b9af9314e699f578
cdn.blueconic.net,AVAILABILITY,domains.list,domains.list,2022-10-11 04:50:34.592595,473ce8d8b9af9314e699f578
cdn.caprofitx.com,AVAILABILITY,domains.list,domains.list,2022-10-11 04:50:35.814412,473ce8d8b9af9314e699f578
cdn.carbonads.com,AVAILABILITY,domains.list,domains.list,2022-10-11 04:50:36.395541,473ce8d8b9af9314e699f578
cdn.connatix.com,AVAILABILITY,domains.list,domains.list,2022-10-11 04:50:36.791551,473ce8d8b9af9314e699f578
cdn.doyouad.com,AVAILABILITY,domains.list,domains.list,2022-10-11 04:50:38.074023,473ce8d8b9af9314e699f578
cdn.engine.spotscenered.info,AVAILABILITY,domains.list,domains.list,2022-10-11 04:50:38.788305,473ce8d8b9af9314e699f578
cdn.exoticads.com,AVAILABILITY,domains.list,domains.list,2022-10-11 04:50:59.665348,473ce8d8b9af9314e699f578
cdn.gmossp-sp.jp,AVAILABILITY,domains.list,domains.list,2022-10-11 04:51:00.004760,473ce8d8b9af9314e699f578
cdn.interworksmedia.co.kr,AVAILABILITY,domains.list,domains.list,2022-10-11 04:51:01.096889,473ce8d8b9af9314e699f578
cdn.itskiddoan.club,AVAILABILITY,domains.list,domains.list,2022-10-11 04:51:01.754305,473ce8d8b9af9314e699f578
cdn.megadata.co.kr,AVAILABILITY,domains.list,domains.list,2022-10-11 04:51:05.930076,473ce8d8b9af9314e699f578
cdn.optmd.com,AVAILABILITY,domains.list,domains.list,2022-10-11 04:51:06.535666,473ce8d8b9af9314e699f578
cdn.popmyads.com,AVAILABILITY,domains.list,domains.list,2022-10-11 04:51:07.203857,473ce8d8b9af9314e699f578
cdn.scrollads.co.kr,AVAILABILITY,domains.list,domains.list,2022-10-11 04:51:09.205542,473ce8d8b9af9314e699f578
cdn.stickyadstv.com,AVAILABILITY,domains.list,domains.list,2022-10-11 04:51:10.024394,473ce8d8b9af9314e699f578
cdn.targetpush.co.kr,AVAILABILITY,domains.list,domains.list,2022-10-11 04:51:11.203192,473ce8d8b9af9314e699f578
cdn.teads.tv,AVAILABILITY,domains.list,domains.list,2022-10-11 04:51:11.911510,473ce8d8b9af9314e699f578
cdn.tsyndicate.com,AVAILABILITY,domains.list,domains.list,2022-10-11 04:51:12.769747,473ce8d8b9af9314e699f578
cdn.z00.kr,AVAILABILITY,domains.list,domains.list,2022-10-11 04:51:13.720030,473ce8d8b9af9314e699f578
cdn1.smartadserver.com,AVAILABILITY,domains.list,domains.list,2022-10-11 04:51:15.873800,473ce8d8b9af9314e699f578
cdn4.wibbitz.com,AVAILABILITY,domains.list,domains.list,2022-10-11 04:51:16.476922,473ce8d8b9af9314e699f578
clevernt.com,AVAILABILITY,domains.list,domains.list,2022-10-11 04:51:17.682559,473ce8d8b9af9314e699f578
click.linkadx.com,AVAILABILITY,domains.list,domains.list,2022-10-11 04:51:19.617318,473ce8d8b9af9314e699f578
clickstream.cresendo.net,AVAILABILITY,domains.list,domains.list,2022-10-11 04:51:20.501068,473ce8d8b9af9314e699f578
clkads.com,AVAILABILITY,domains.list,domains.list,2022-10-11 04:51:21.113870,473ce8d8b9af9314e699f578
clksite.com,AVAILABILITY,domains.list,domains.list,2022-10-11 04:51:21.545768,473ce8d8b9af9314e699f578
cm.interworksmedia.co.kr,AVAILABILITY,domains.list,domains.list,2022-10-11 04:51:23.077633,473ce8d8b9af9314e699f578
cm.keywordsconnect.com,AVAILABILITY,domains.list,domains.list,2022-10-11 04:51:24.522550,473ce8d8b9af9314e699f578
cm2.cjmooter.com,AVAILABILITY,domains.list,domains.list,2022-10-11 04:51:26.098294,473ce8d8b9af9314e699f578
cmbestsrv.com,AVAILABILITY,domains.list,domains.list,2022-10-11 04:51:26.966499,473ce8d8b9af9314e699f578
coin-hive.com,AVAILABILITY,domains.list,domains.list,2022-10-11 04:51:27.373031,473ce8d8b9af9314e699f578
coinhive.com,AVAILABILITY,domains.list,domains.list,2022-10-11 04:51:28.111490,473ce8d8b9af9314e699f578
compass.adop.cc,AVAILABILITY,domains.list,domains.list,2022-10-11 04:51:29.967846,473ce8d8b9af9314e699f578
config.ad-brix.com,AVAILABILITY,domains.list,domains.list,2022-10-11 04:51:30.297493,473ce8d8b9af9314e699f578
contextual.media.net,AVAILABILITY,domains.list,domains.list,2022-10-11 04:51:31.027442,473ce8d8b9af9314e699f578
cperformmedia-a.akamaihd.net,AVAILABILITY,domains.list,domains.list,2022-10-11 04:51:31.427377,473ce8d8b9af9314e699f578
cpv.ad.naver.com,AVAILABILITY,domains.list,domains.list,2022-10-11 04:51:34.920336,473ce8d8b9af9314e699f578
creative.adoffice.11st.co.kr,AVAILABILITY,domains.list,domains.list,2022-10-11 04:51:35.973938,473ce8d8b9af9314e699f578
creative.wwwpromoter.com,AVAILABILITY,domains.list,domains.list,2022-10-11 04:51:36.796464,473ce8d8b9af9314e699f578
cs.gssprt.jp,AVAILABILITY,domains.list,domains.list,2022-10-11 04:51:38.202745,473ce8d8b9af9314e699f578
cst.cstwpush.com,AVAILABILITY,domains.list,domains.list,2022-10-11 04:51:38.884605,473ce8d8b9af9314e699f578
cst.wpu.sh,AVAILABILITY,domains.list,domains.list,2022-10-11 04:51:40.267829,473ce8d8b9af9314e699f578
cuterbond.com,AVAILABILITY,domains.list,domains.list,2022-10-11 04:51:41.238293,473ce8d8b9af9314e699f578
cwdata.itsearch.co.kr,AVAILABILITY,domains.list,domains.list,2022-10-11 04:51:43.764597,473ce8d8b9af9314e699f578
cyad1.nate.com,AVAILABILITY,domains.list,domains.list,2022-10-11 04:51:45.021242,473ce8d8b9af9314e699f578
d.adroll.com,AVAILABILITY,domains.list,domains.list,2022-10-11 04:51:45.728750,473ce8d8b9af9314e699f578
d.pixiv.org,AVAILABILITY,domains.list,domains.list,2022-10-11 04:51:46.477183,473ce8d8b9af9314e699f578
d1jikhx1ssl81z.cloudfront.net,AVAILABILITY,domains.list,domains.list,2022-10-11 04:51:47.025773,473ce8d8b9af9314e699f578
d1yt8zt4633tzi.cloudfront.net,AVAILABILITY,domains.list,domains.list,2022-10-11 04:51:50.087268,473ce8d8b9af9314e699f578
d22sfab2t5o9bq.cloudfront.net,AVAILABILITY,domains.list,domains.list,2022-10-11 04:51:50.640910,473ce8d8b9af9314e699f578
d2v02itv0y9u9t.cloudfront.net,AVAILABILITY,domains.list,domains.list,2022-10-11 04:51:51.368966,473ce8d8b9af9314e699f578
d3oep4gb91kpuv.cloudfront.net,AVAILABILITY,domains.list,domains.list,2022-10-11 04:51:52.031855,473ce8d8b9af9314e699f578
d3u5zn5k9864p0.cloudfront.net,AVAILABILITY,domains.list,domains.list,2022-10-11 04:51:52.741732,473ce8d8b9af9314e699f578
d3v3bqdndm4erx.cloudfront.net,AVAILABILITY,domains.list,domains.list,2022-10-11 04:51:53.273642,473ce8d8b9af9314e699f578
dcd.adotsolution.com,AVAILABILITY,domains.list,domains.list,2022-10-11 04:52:14.589264,473ce8d8b9af9314e699f578
delivery.amessagewithabottle.com,AVAILABILITY,domains.list,domains.list,2022-10-11 04:52:15.883493,473ce8d8b9af9314e699f578
delivery.c.switchadhub.com,AVAILABILITY,domains.list,domains.list,2022-10-11 04:52:16.552859,473ce8d8b9af9314e699f578
deliverys.n2s.co.kr,AVAILABILITY,domains.list,domains.list,2022-10-11 04:52:18.797134,473ce8d8b9af9314e699f578
deloton.com,AVAILABILITY,domains.list,domains.list,2022-10-11 04:52:19.507830,473ce8d8b9af9314e699f578
dezf3o8j9jdt6.cloudfront.net,AVAILABILITY,domains.list,domains.list,2022-10-11 04:52:20.478361,473ce8d8b9af9314e699f578
dianomi.com,AVAILABILITY,domains.list,domains.list,2022-10-11 04:52:21.215527,473ce8d8b9af9314e699f578
dis.site3.co.kr,AVAILABILITY,domains.list,domains.list,2022-10-11 04:52:24.244248,473ce8d8b9af9314e699f578
display.ad.daum.net,AVAILABILITY,domains.list,domains.list,2022-10-11 04:52:25.303251,473ce8d8b9af9314e699f578
disqusads.com,AVAILABILITY,domains.list,domains.list,2022-10-11 04:52:25.750374,473ce8d8b9af9314e699f578
dlv.hooniad.com,AVAILABILITY,domains.list,domains.list,2022-10-11 04:52:26.751394,473ce8d8b9af9314e699f578
dnhfi5nn2dt67.cloudfront.net,AVAILABILITY,domains.list,domains.list,2022-10-11 04:52:27.216457,473ce8d8b9af9314e699f578
dotcomconsultancy.advertserve.com,AVAILABILITY,domains.list,domains.list,2022-10-11 04:52:28.536558,473ce8d8b9af9314e699f578
dreamsearch.or.kr,AVAILABILITY,domains.list,domains.list,2022-10-11 04:52:32.695181,473ce8d8b9af9314e699f578
dsp.adzon.net,AVAILABILITY,domains.list,domains.list,2022-10-11 04:52:33.174354,473ce8d8b9af9314e699f578
dsp.dmcmedia.co.kr,AVAILABILITY,domains.list,domains.list,2022-10-11 04:52:36.354875,473ce8d8b9af9314e699f578
dsp.xapads.com,AVAILABILITY,domains.list,domains.list,2022-10-11 04:52:37.245506,473ce8d8b9af9314e699f578
dspserver.adpnut.com,AVAILABILITY,domains.list,domains.list,2022-10-11 04:52:38.593018,473ce8d8b9af9314e699f578
ebdr3.com,AVAILABILITY,domains.list,domains.list,2022-10-11 04:52:40.277003,473ce8d8b9af9314e699f578
ecdn.firstimpression.io,AVAILABILITY,domains.list,domains.list,2022-10-11 04:52:40.919554,473ce8d8b9af9314e699f578
engine.adzerk.net,AVAILABILITY,domains.list,domains.list,2022-10-11 04:52:41.407334,473ce8d8b9af9314e699f578
eto.co.kr,AVAILABILITY,domains.list,domains.list,2022-10-11 04:53:02.449330,473ce8d8b9af9314e699f578
ext.apbox.nbp-corp.com,AVAILABILITY,domains.list,domains.list,2022-10-11 04:53:02.943598,473ce8d8b9af9314e699f578
exttag.about.co.kr,AVAILABILITY,domains.list,domains.list,2022-10-11 04:53:04.612640,473ce8d8b9af9314e699f578
fam-ad.com,AVAILABILITY,domains.list,domains.list,2022-10-11 04:53:04.938898,473ce8d8b9af9314e699f578
fastlane.rubiconproject.com,AVAILABILITY,domains.list,domains.list,2022-10-11 04:53:05.378622,473ce8d8b9af9314e699f578
feed.4wnet.com,AVAILABILITY,domains.list,domains.list,2022-10-11 04:53:06.171193,473ce8d8b9af9314e699f578
fin.rainbownine.net,AVAILABILITY,domains.list,domains.list,2022-10-11 04:53:07.302277,473ce8d8b9af9314e699f578
finead.o00.kr,AVAILABILITY,domains.list,domains.list,2022-10-11 04:53:08.665896,473ce8d8b9af9314e699f578
franecki.net,AVAILABILITY,domains.list,domains.list,2022-10-11 04:53:09.964303,473ce8d8b9af9314e699f578
g.163.com,AVAILABILITY,domains.list,domains.list,2022-10-11 04:53:12.179088,473ce8d8b9af9314e699f578
g.ezoic.net,AVAILABILITY,domains.list,domains.list,2022-10-11 04:53:12.714829,473ce8d8b9af9314e699f578
g4p.redtram.com,AVAILABILITY,domains.list,domains.list,2022-10-11 04:53:14.887196,473ce8d8b9af9314e699f578
get.optad360.io,AVAILABILITY,domains.list,domains.list,2022-10-11 04:53:15.926319,473ce8d8b9af9314e699f578
gfp.veta.naver.com,AVAILABILITY,domains.list,domains.list,2022-10-11 04:53:16.695139,473ce8d8b9af9314e699f578
gm-adkpf.gamemeca.com,AVAILABILITY,domains.list,domains.list,2022-10-11 04:53:17.090404,473ce8d8b9af9314e699f578
go.ezoic.net,AVAILABILITY,domains.list,domains.list,2022-10-11 04:53:17.567568,473ce8d8b9af9314e699f578
go.oclasrv.com,AVAILABILITY,domains.list,domains.list,2022-10-11 04:53:18.212607,473ce8d8b9af9314e699f578
go.onclasrv.com,AVAILABILITY,domains.list,domains.list,2022-10-11 04:53:19.243409,473ce8d8b9af9314e699f578
go.pub2srv.com,AVAILABILITY,domains.list,domains.list,2022-10-11 04:53:20.278536,473ce8d8b9af9314e699f578
go.xlviiirdr.com,AVAILABILITY,domains.list,domains.list,2022-10-11 04:53:21.745914,473ce8d8b9af9314e699f578
gsad.gameshot.net,AVAILABILITY,domains.list,domains.list,2022-10-11 04:53:43.111215,473ce8d8b9af9314e699f578
hb.vntsm.com,AVAILABILITY,domains.list,domains.list,2022-10-11 04:53:44.031159,473ce8d8b9af9314e699f578
heartilyfootindebted.com,AVAILABILITY,domains.list,domains.list,2022-10-11 04:53:45.089330,473ce8d8b9af9314e699f578
i.ligatus.com,AVAILABILITY,domains.list,domains.list,2022-10-11 04:54:05.606659,473ce8d8b9af9314e699f578
i.mediatraffic.com.ua,AVAILABILITY,domains.list,domains.list,2022-10-11 04:54:06.869210,473ce8d8b9af9314e699f578
ib.3lift.com,AVAILABILITY,domains.list,domains.list,2022-10-11 04:54:07.429068,473ce8d8b9af9314e699f578
ib.adnxs.com,AVAILABILITY,domains.list,domains.list,2022-10-11 04:54:08.028778,473ce8d8b9af9314e699f578
iicdn.com,AVAILABILITY,domains.list,domains.list,2022-10-11 04:54:08.683617,473ce8d8b9af9314e699f578
ilikeview.com,AVAILABILITY,domains.list,domains.list,2022-10-11 04:54:29.187196,473ce8d8b9af9314e699f578
image.cauly.co.kr,AVAILABILITY,domains.list,domains.list,2022-10-11 04:54:30.866856,473ce8d8b9af9314e699f578
image.lottorich.co.kr,AVAILABILITY,domains.list,domains.list,2022-10-11 04:54:32.611096,473ce8d8b9af9314e699f578
imagesrv.adition.com,AVAILABILITY,domains.list,domains.list,2022-10-11 04:54:33.281242,473ce8d8b9af9314e699f578
img.1rx.io,AVAILABILITY,domains.list,domains.list,2022-10-11 04:54:33.914028,473ce8d8b9af9314e699f578
img.ak.impact-ad.jp,AVAILABILITY,domains.list,domains.list,2022-10-11 04:54:34.326282,473ce8d8b9af9314e699f578
img.mobon.net,AVAILABILITY,domains.list,domains.list,2022-10-11 04:54:36.977018,473ce8d8b9af9314e699f578
img.mrep.kr,AVAILABILITY,domains.list,domains.list,2022-10-11 04:54:39.386446,473ce8d8b9af9314e699f578
img.scupio.com,AVAILABILITY,domains.list,domains.list,2022-10-11 04:54:40.040273,473ce8d8b9af9314e699f578
img2.keywordsconnect.com,AVAILABILITY,domains.list,domains.list,2022-10-11 04:54:42.559163,473ce8d8b9af9314e699f578
imp.tradedoubler.com,AVAILABILITY,domains.list,domains.list,2022-10-11 04:54:46.048779,473ce8d8b9af9314e699f578
imp.valuepotion.com,AVAILABILITY,domains.list,domains.list,2022-10-11 04:54:46.897295,473ce8d8b9af9314e699f578
inrhyhorntor.com,AVAILABILITY,domains.list,domains.list,2022-10-11 04:54:47.634550,473ce8d8b9af9314e699f578
insight.adsrvr.org,AVAILABILITY,domains.list,domains.list,2022-10-11 04:54:48.324536,473ce8d8b9af9314e699f578
interface.interworksmedia.co.kr,AVAILABILITY,domains.list,domains.list,2022-10-11 04:54:49.912401,473ce8d8b9af9314e699f578
inv-nets.admixer.net,AVAILABILITY,domains.list,domains.list,2022-10-11 04:54:50.293167,473ce8d8b9af9314e699f578
io1.innorame.com,AVAILABILITY,domains.list,domains.list,2022-10-11 04:54:51.862566,473ce8d8b9af9314e699f578
j.microad.net,AVAILABILITY,domains.list,domains.list,2022-10-11 04:54:52.695207,473ce8d8b9af9314e699f578
j.zucks.net.zimg.jp,AVAILABILITY,domains.list,domains.list,2022-10-11 04:54:53.600852,473ce8d8b9af9314e699f578
jadserve.postrelease.com,AVAILABILITY,domains.list,domains.list,2022-10-11 04:54:54.112909,473ce8d8b9af9314e699f578
js-sec.indexww.com,AVAILABILITY,domains.list,domains.list,2022-10-11 04:54:54.599237,473ce8d8b9af9314e699f578
js.ad-score.com,AVAILABILITY,domains.list,domains.list,2022-10-11 04:54:54.972030,473ce8d8b9af9314e699f578
js.ad-stir.com,AVAILABILITY,domains.list,domains.list,2022-10-11 04:54:55.299479,473ce8d8b9af9314e699f578
js.ad4989.co.kr,AVAILABILITY,domains.list,domains.list,2022-10-11 04:54:57.940895,473ce8d8b9af9314e699f578
js.adagio.upstory.it,AVAILABILITY,domains.list,domains.list,2022-10-11 04:54:59.332325,473ce8d8b9af9314e699f578
js.bigfineads.com,AVAILABILITY,domains.list,domains.list,2022-10-11 04:54:59.848948,473ce8d8b9af9314e699f578
js.gsspcln.jp,AVAILABILITY,domains.list,domains.list,2022-10-11 04:55:00.819782,473ce8d8b9af9314e699f578
js.gumgum.com,AVAILABILITY,domains.list,domains.list,2022-10-11 04:55:01.492207,473ce8d8b9af9314e699f578
js.himediads.com,AVAILABILITY,domains.list,domains.list,2022-10-11 04:55:22.043340,473ce8d8b9af9314e699f578
js.hnscom.com,AVAILABILITY,domains.list,domains.list,2022-10-11 04:55:25.812773,473ce8d8b9af9314e699f578
js.keywordsconnect.com,AVAILABILITY,domains.list,domains.list,2022-10-11 04:55:27.258492,473ce8d8b9af9314e699f578
js.medi-8.net,AVAILABILITY,domains.list,domains.list,2022-10-11 04:55:27.629959,473ce8d8b9af9314e699f578
js.mtburn.com,AVAILABILITY,domains.list,domains.list,2022-10-11 04:55:28.341041,473ce8d8b9af9314e699f578
js.newsmobile.co.kr,AVAILABILITY,domains.list,domains.list,2022-10-11 04:55:29.626212,473ce8d8b9af9314e699f578
js.theprimead.co.kr,AVAILABILITY,domains.list,domains.list,2022-10-11 04:55:31.642237,473ce8d8b9af9314e699f578
js2.keywordsconnect.com,AVAILABILITY,domains.list,domains.list,2022-10-11 04:55:33.856561,473ce8d8b9af9314e699f578
jsc.adskeeper.co.uk,AVAILABILITY,domains.list,domains.list,2022-10-11 04:55:34.414696,473ce8d8b9af9314e699f578
jsc.marketgid.com,AVAILABILITY,domains.list,domains.list,2022-10-11 04:55:35.136276,473ce8d8b9af9314e699f578
jsc.mgid.com,AVAILABILITY,domains.list,domains.list,2022-10-11 04:55:35.834771,473ce8d8b9af9314e699f578
jsc.traffic-media.co.uk,AVAILABILITY,domains.list,domains.list,2022-10-11 04:55:36.206911,473ce8d8b9af9314e699f578
jshoppingbox.joinsmsn.com,AVAILABILITY,domains.list,domains.list,2022-10-11 04:55:36.879027,473ce8d8b9af9314e699f578
k77hof1z7k.com,AVAILABILITY,domains.list,domains.list,2022-10-11 04:55:37.476529,473ce8d8b9af9314e699f578
kakaostyle.loginside.co.kr,AVAILABILITY,domains.list,domains.list,2022-10-11 04:55:58.876439,473ce8d8b9af9314e699f578
kn.acrosspf.com,AVAILABILITY,domains.list,domains.list,2022-10-11 04:55:59.824600,473ce8d8b9af9314e699f578
kodcad.kr,AVAILABILITY,domains.list,domains.list,2022-10-11 04:56:01.061432,473ce8d8b9af9314e699f578
l.qq.com,AVAILABILITY,domains.list,domains.list,2022-10-11 04:56:02.137813,473ce8d8b9af9314e699f578
lightasp.dmcmedia.co.kr,AVAILABILITY,domains.list,domains.list,2022-10-11 04:56:03.619125,473ce8d8b9af9314e699f578
loginside.co.kr,AVAILABILITY,domains.list,domains.list,2022-10-11 04:56:25.181307,473ce8d8b9af9314e699f578
lorybnfh.com,AVAILABILITY,domains.list,domains.list,2022-10-11 04:56:25.769940,473ce8d8b9af9314e699f578
lotteryhibernateauthorized.com,AVAILABILITY,domains.list,domains.list,2022-10-11 04:56:26.929367,473ce8d8b9af9314e699f578
m.adnxs.com,AVAILABILITY,domains.list,domains.list,2022-10-11 04:56:27.472913,473ce8d8b9af9314e699f578
madspmz.com,AVAILABILITY,domains.list,domains.list,2022-10-11 04:56:28.632518,473ce8d8b9af9314e699f578
magento-analytics.com,AVAILABILITY,domains.list,domains.list,2022-10-11 04:56:29.014715,473ce8d8b9af9314e699f578
mainclc.com,AVAILABILITY,domains.list,domains.list,2022-10-11 04:56:29.736137,473ce8d8b9af9314e699f578
marketingking.co.kr,AVAILABILITY,domains.list,domains.list,2022-10-11 04:56:32.603795,473ce8d8b9af9314e699f578
media.adpnut.com,AVAILABILITY,domains.list,domains.list,2022-10-11 04:56:34.391087,473ce8d8b9af9314e699f578
media.adrcdn.com,AVAILABILITY,domains.list,domains.list,2022-10-11 04:56:35.074409,473ce8d8b9af9314e699f578
mediacategory.com,AVAILABILITY,domains.list,domains.list,2022-10-11 04:56:35.752307,473ce8d8b9af9314e699f578
mediaindex.co.kr,AVAILABILITY,domains.list,domains.list,2022-10-11 04:56:37.961051,473ce8d8b9af9314e699f578
mediamixad.com,AVAILABILITY,domains.list,domains.list,2022-10-11 04:56:39.646945,473ce8d8b9af9314e699f578
mediaview.co.kr,AVAILABILITY,domains.list,domains.list,2022-10-11 04:56:41.822905,473ce8d8b9af9314e699f578
mg.dt00.net,AVAILABILITY,domains.list,domains.list,2022-10-11 04:56:42.812312,473ce8d8b9af9314e699f578
microbizit.com,AVAILABILITY,domains.list,domains.list,2022-10-11 04:56:43.412195,473ce8d8b9af9314e699f578
microopenpop.com,AVAILABILITY,domains.list,domains.list,2022-10-11 04:56:43.892158,473ce8d8b9af9314e699f578
minishop.linkprice.com,AVAILABILITY,domains.list,domains.list,2022-10-11 04:56:44.706156,473ce8d8b9af9314e699f578
mp.mmnneo.com,AVAILABILITY,domains.list,domains.list,2022-10-11 04:56:47.197332,473ce8d8b9af9314e699f578
